date,province_id,cases,rainfall_mm,temperature_c,dominant_serotype,denv1_share,denv2_share,denv3_share,denv4_share
2017-01-01,DKI,1412,209.6,27.2,DENV1,0.319,0.3,0.183,0.198
2017-01-01,JABAR,2259,259.1,26.0,DENV2,0.267,0.315,0.244,0.174
2017-01-01,JATENG,1425,251.4,27.8,DENV3,0.205,0.249,0.306,0.24
2017-01-01,JATIM,1860,193.3,28.9,DENV3,0.239,0.237,0.297,0.226
2017-01-01,BANTEN,724,270.2,28.4,DENV1,0.376,0.251,0.196,0.178
2017-01-01,DIY,446,245.0,26.0,DENV4,0.223,0.214,0.24,0.323
2017-02-01,DKI,1676,269.7,26.8,DENV1,0.329,0.275,0.191,0.204
2017-02-01,JABAR,2606,273.0,26.0,DENV2,0.23,0.334,0.197,0.238
2017-02-01,JATENG,1332,307.2,26.6,DENV3,0.208,0.267,0.316,0.21
2017-02-01,JATIM,2161,236.9,28.2,DENV3,0.268,0.231,0.309,0.192
2017-02-01,BANTEN,1304,341.0,27.6,DENV1,0.357,0.228,0.223,0.192
2017-02-01,DIY,427,230.8,26.5,DENV4,0.211,0.218,0.242,0.329
2017-03-01,DKI,1304,276.0,28.0,DENV1,0.313,0.292,0.218,0.178
2017-03-01,JABAR,2131,359.2,27.2,DENV2,0.285,0.314,0.249,0.151
2017-03-01,JATENG,2034,367.6,26.2,DENV3,0.207,0.258,0.33,0.204
2017-03-01,JATIM,1914,250.5,27.7,DENV3,0.252,0.26,0.277,0.211
2017-03-01,BANTEN,903,370.8,28.1,DENV1,0.338,0.242,0.22,0.199
2017-03-01,DIY,644,249.0,26.1,DENV4,0.211,0.207,0.281,0.301
2017-04-01,DKI,431,66.1,29.9,DENV1,0.315,0.278,0.197,0.211
2017-04-01,JABAR,1087,57.8,27.6,DENV2,0.227,0.305,0.251,0.217
2017-04-01,JATENG,476,69.8,28.6,DENV3,0.229,0.259,0.299,0.212
2017-04-01,JATIM,493,53.5,30.0,DENV3,0.244,0.246,0.289,0.221
2017-04-01,BANTEN,497,73.6,28.7,DENV1,0.359,0.23,0.233,0.178
2017-04-01,DIY,250,49.4,27.7,DENV4,0.233,0.188,0.277,0.302
2017-05-01,DKI,671,85.1,28.5,DENV1,0.347,0.279,0.201,0.173
2017-05-01,JABAR,1068,75.6,28.4,DENV2,0.235,0.315,0.258,0.192
2017-05-01,JATENG,907,65.3,28.4,DENV3,0.223,0.251,0.308,0.219
2017-05-01,JATIM,612,67.3,29.5,DENV3,0.269,0.236,0.276,0.218
2017-05-01,BANTEN,542,87.9,29.1,DENV1,0.373,0.238,0.215,0.174
2017-05-01,DIY,218,75.7,26.6,DENV4,0.209,0.228,0.247,0.316
2017-06-01,DKI,812,90.9,29.3,DENV1,0.325,0.306,0.205,0.165
2017-06-01,JABAR,1176,113.1,28.3,DENV2,0.262,0.32,0.243,0.175
2017-06-01,JATENG,818,76.3,29.3,DENV3,0.179,0.25,0.348,0.223
2017-06-01,JATIM,715,65.7,29.9,DENV1,0.306,0.229,0.286,0.179
2017-06-01,BANTEN,563,79.5,29.5,DENV1,0.367,0.245,0.198,0.19
2017-06-01,DIY,263,83.3,27.2,DENV4,0.226,0.241,0.261,0.273
2017-07-01,DKI,502,88.7,28.3,DENV1,0.324,0.269,0.215,0.191
2017-07-01,JABAR,1146,98.7,28.8,DENV2,0.226,0.332,0.266,0.176
2017-07-01,JATENG,761,91.8,28.9,DENV3,0.241,0.226,0.314,0.219
2017-07-01,JATIM,631,59.4,29.0,DENV2,0.251,0.277,0.266,0.206
2017-07-01,BANTEN,644,106.1,28.4,DENV1,0.345,0.256,0.253,0.145
2017-07-01,DIY,213,75.2,28.0,DENV4,0.204,0.226,0.254,0.316
2017-08-01,DKI,779,103.1,28.7,DENV1,0.302,0.288,0.213,0.197
2017-08-01,JABAR,1029,120.9,28.3,DENV2,0.238,0.343,0.242,0.176
2017-08-01,JATENG,683,107.0,29.0,DENV3,0.211,0.27,0.342,0.178
2017-08-01,JATIM,668,67.3,30.0,DENV1,0.281,0.25,0.257,0.212
2017-08-01,BANTEN,520,114.9,30.0,DENV1,0.353,0.244,0.202,0.201
2017-08-01,DIY,235,89.7,27.2,DENV4,0.189,0.212,0.256,0.343
2017-09-01,DKI,725,82.7,29.1,DENV1,0.314,0.301,0.237,0.148
2017-09-01,JABAR,989,80.8,28.2,DENV2,0.222,0.332,0.263,0.183
2017-09-01,JATENG,870,104.8,28.6,DENV3,0.215,0.225,0.365,0.196
2017-09-01,JATIM,741,60.6,30.0,DENV3,0.255,0.254,0.281,0.21
2017-09-01,BANTEN,627,80.6,28.8,DENV1,0.348,0.269,0.225,0.158
2017-09-01,DIY,325,66.0,27.5,DENV4,0.194,0.226,0.251,0.329
2017-10-01,DKI,772,86.5,28.6,DENV1,0.32,0.275,0.206,0.199
2017-10-01,JABAR,713,81.3,28.5,DENV2,0.253,0.33,0.235,0.182
2017-10-01,JATENG,602,71.0,28.5,DENV3,0.19,0.279,0.33,0.2
2017-10-01,JATIM,983,55.5,30.0,DENV2,0.256,0.265,0.255,0.224
2017-10-01,BANTEN,439,92.4,29.4,DENV1,0.361,0.256,0.21,0.173
2017-10-01,DIY,239,61.8,27.3,DENV4,0.225,0.209,0.24,0.326
2017-11-01,DKI,1378,196.9,26.9,DENV1,0.317,0.304,0.225,0.154
2017-11-01,JABAR,2260,227.2,26.6,DENV2,0.215,0.331,0.253,0.201
2017-11-01,JATENG,1651,207.9,26.6,DENV3,0.22,0.226,0.315,0.238
2017-11-01,JATIM,1616,178.6,28.6,DENV3,0.26,0.245,0.271,0.224
2017-11-01,BANTEN,805,234.5,26.6,DENV1,0.36,0.241,0.211,0.188
2017-11-01,DIY,510,216.0,26.2,DENV4,0.19,0.2,0.255,0.356
2017-12-01,DKI,1228,308.4,27.9,DENV1,0.332,0.296,0.193,0.178
2017-12-01,JABAR,1718,315.2,26.0,DENV2,0.246,0.339,0.241,0.174
2017-12-01,JATENG,1427,288.6,27.7,DENV3,0.233,0.245,0.327,0.194
2017-12-01,JATIM,1981,187.2,28.6,DENV3,0.244,0.252,0.303,0.201
2017-12-01,BANTEN,1066,354.3,26.9,DENV1,0.358,0.279,0.186,0.176
2017-12-01,DIY,539,269.7,26.0,DENV4,0.225,0.194,0.253,0.328
2018-01-01,DKI,1551,232.9,26.7,DENV1,0.304,0.284,0.212,0.199
2018-01-01,JABAR,1493,307.1,27.1,DENV3,0.235,0.284,0.296,0.186
2018-01-01,JATENG,1379,237.5,26.3,DENV3,0.236,0.231,0.33,0.203
2018-01-01,JATIM,1471,151.3,27.9,DENV3,0.248,0.255,0.272,0.225
2018-01-01,BANTEN,861,266.5,28.4,DENV1,0.327,0.27,0.208,0.196
2018-01-01,DIY,416,216.1,26.0,DENV4,0.181,0.259,0.248,0.312
2018-02-01,DKI,1024,264.0,27.4,DENV1,0.313,0.295,0.213,0.179
2018-02-01,JABAR,1454,345.4,26.9,DENV2,0.244,0.335,0.245,0.176
2018-02-01,JATENG,1523,305.8,26.3,DENV3,0.247,0.255,0.31,0.187
2018-02-01,JATIM,1690,217.0,28.9,DENV3,0.214,0.243,0.297,0.245
2018-02-01,BANTEN,984,254.0,27.7,DENV1,0.357,0.26,0.174,0.21
2018-02-01,DIY,503,242.4,26.0,DENV4,0.211,0.215,0.253,0.322
2018-03-01,DKI,1345,323.6,26.6,DENV1,0.318,0.267,0.233,0.182
2018-03-01,JABAR,2800,416.8,26.4,DENV1,0.307,0.295,0.239,0.159
2018-03-01,JATENG,1885,367.0,26.9,DENV3,0.204,0.241,0.319,0.236
2018-03-01,JATIM,1401,240.2,28.9,DENV3,0.216,0.272,0.277,0.235
2018-03-01,BANTEN,1400,280.3,26.6,DENV1,0.355,0.219,0.262,0.164
2018-03-01,DIY,458,222.5,26.0,DENV4,0.2,0.225,0.241,0.333
2018-04-01,DKI,733,68.5,29.7,DENV1,0.377,0.269,0.186,0.168
2018-04-01,JABAR,635,74.3,27.5,DENV2,0.228,0.332,0.258,0.182
2018-04-01,JATENG,709,66.4,28.8,DENV3,0.228,0.243,0.344,0.184
2018-04-01,JATIM,572,49.6,29.3,DENV3,0.227,0.234,0.325,0.214
2018-04-01,BANTEN,445,70.3,28.6,DENV1,0.342,0.222,0.229,0.206
2018-04-01,DIY,253,59.4,26.7,DENV4,0.191,0.223,0.279,0.306
2018-05-01,DKI,712,87.4,29.9,DENV1,0.35,0.267,0.222,0.162
2018-05-01,JABAR,1165,101.6,28.5,DENV2,0.24,0.33,0.242,0.188
2018-05-01,JATENG,745,79.0,29.0,DENV3,0.242,0.27,0.291,0.197
2018-05-01,JATIM,846,69.0,29.3,DENV3,0.253,0.246,0.255,0.246
2018-05-01,BANTEN,462,74.4,28.4,DENV1,0.364,0.243,0.223,0.17
2018-05-01,DIY,289,74.7,26.7,DENV4,0.229,0.234,0.219,0.319
2018-06-01,DKI,684,96.6,28.4,DENV1,0.3,0.265,0.23,0.205
2018-06-01,JABAR,1003,100.8,27.1,DENV2,0.25,0.32,0.24,0.189
2018-06-01,JATENG,626,78.3,27.6,DENV3,0.209,0.236,0.33,0.225
2018-06-01,JATIM,811,76.5,29.7,DENV2,0.213,0.27,0.259,0.259
2018-06-01,BANTEN,529,90.3,29.7,DENV1,0.358,0.244,0.216,0.182
2018-06-01,DIY,199,75.8,26.6,DENV4,0.213,0.22,0.242,0.326
2018-07-01,DKI,898,98.3,28.8,DENV2,0.297,0.337,0.189,0.177
2018-07-01,JABAR,834,123.2,28.2,DENV2,0.256,0.314,0.239,0.191
2018-07-01,JATENG,902,79.3,28.5,DENV3,0.232,0.281,0.297,0.19
2018-07-01,JATIM,1163,72.0,29.8,DENV3,0.266,0.235,0.297,0.201
2018-07-01,BANTEN,524,108.3,28.3,DENV1,0.358,0.263,0.212,0.167
2018-07-01,DIY,201,70.7,27.4,DENV4,0.198,0.233,0.266,0.303
2018-08-01,DKI,923,94.5,28.3,DENV1,0.331,0.257,0.23,0.182
2018-08-01,JABAR,849,120.5,27.4,DENV2,0.254,0.353,0.224,0.168
2018-08-01,JATENG,611,81.5,28.6,DENV3,0.233,0.277,0.296,0.193
2018-08-01,JATIM,1169,68.5,30.0,DENV2,0.244,0.277,0.255,0.224
2018-08-01,BANTEN,428,115.2,28.1,DENV1,0.342,0.233,0.222,0.203
2018-08-01,DIY,265,77.8,26.9,DENV4,0.201,0.196,0.222,0.381
2018-09-01,DKI,515,87.0,28.9,DENV1,0.325,0.295,0.199,0.181
2018-09-01,JABAR,1302,107.7,27.3,DENV2,0.267,0.313,0.234,0.186
2018-09-01,JATENG,810,100.2,28.5,DENV3,0.218,0.261,0.274,0.247
2018-09-01,JATIM,1094,62.2,29.8,DENV3,0.241,0.252,0.294,0.213
2018-09-01,BANTEN,413,85.8,28.7,DENV1,0.335,0.247,0.236,0.182
2018-09-01,DIY,192,72.6,27.8,DENV3,0.196,0.249,0.278,0.276
2018-10-01,DKI,635,63.2,28.2,DENV2,0.278,0.382,0.191,0.149
2018-10-01,JABAR,1201,91.2,27.6,DENV2,0.241,0.311,0.235,0.213
2018-10-01,JATENG,695,71.7,28.0,DENV3,0.22,0.223,0.311,0.246
2018-10-01,JATIM,904,49.7,30.0,DENV3,0.226,0.235,0.304,0.235
2018-10-01,BANTEN,475,91.5,29.3,DENV1,0.387,0.22,0.191,0.201
2018-10-01,DIY,278,64.0,27.0,DENV4,0.237,0.195,0.244,0.323
2018-11-01,DKI,1362,248.2,27.5,DENV1,0.341,0.265,0.238,0.156
2018-11-01,JABAR,1560,316.3,27.4,DENV2,0.285,0.301,0.223,0.192
2018-11-01,JATENG,1331,243.7,26.4,DENV3,0.195,0.258,0.327,0.219
2018-11-01,JATIM,1518,180.1,28.5,DENV3,0.24,0.284,0.297,0.179
2018-11-01,BANTEN,821,267.9,28.3,DENV1,0.347,0.276,0.21,0.167
2018-11-01,DIY,544,216.2,26.3,DENV4,0.204,0.229,0.257,0.31
2018-12-01,DKI,1054,306.6,27.8,DENV1,0.339,0.269,0.208,0.183
2018-12-01,JABAR,2093,292.6,26.0,DENV2,0.237,0.323,0.232,0.209
2018-12-01,JATENG,1879,333.2,27.5,DENV3,0.221,0.252,0.317,0.21
2018-12-01,JATIM,2007,223.6,27.9,DENV3,0.248,0.246,0.303,0.202
2018-12-01,BANTEN,786,363.8,27.4,DENV1,0.331,0.282,0.194,0.193
2018-12-01,DIY,548,234.3,26.0,DENV4,0.213,0.219,0.262,0.306
2019-01-01,DKI,1272,217.0,28.2,DENV1,0.356,0.297,0.18,0.166
2019-01-01,JABAR,1819,263.4,26.4,DENV2,0.228,0.333,0.249,0.19
2019-01-01,JATENG,1318,196.4,26.9,DENV3,0.202,0.23,0.34,0.228
2019-01-01,JATIM,1154,150.2,27.4,DENV3,0.258,0.228,0.285,0.228
2019-01-01,BANTEN,758,229.6,26.5,DENV1,0.318,0.214,0.27,0.198
2019-01-01,DIY,597,248.5,26.0,DENV4,0.198,0.23,0.243,0.329
2019-02-01,DKI,1764,282.5,27.2,DENV1,0.29,0.264,0.276,0.17
2019-02-01,JABAR,1539,263.4,26.0,DENV2,0.275,0.315,0.229,0.181
2019-02-01,JATENG,1182,264.3,26.3,DENV3,0.18,0.265,0.322,0.233
2019-02-01,JATIM,2231,234.4,28.2,DENV3,0.231,0.252,0.287,0.229
2019-02-01,BANTEN,906,285.2,28.0,DENV1,0.369,0.209,0.262,0.159
2019-02-01,DIY,406,265.1,26.5,DENV4,0.247,0.189,0.262,0.302
2019-03-01,DKI,1859,294.1,27.8,DENV1,0.349,0.289,0.177,0.185
2019-03-01,JABAR,1852,292.3,26.6,DENV2,0.275,0.304,0.252,0.17
2019-03-01,JATENG,2043,332.6,26.9,DENV3,0.233,0.233,0.295,0.239
2019-03-01,JATIM,2116,273.1,27.7,DENV3,0.241,0.276,0.282,0.201
2019-03-01,BANTEN,1118,305.4,28.3,DENV1,0.335,0.264,0.243,0.158
2019-03-01,DIY,589,308.2,26.0,DENV4,0.238,0.205,0.239,0.318
2019-04-01,DKI,414,63.6,29.6,DENV1,0.333,0.269,0.228,0.171
2019-04-01,JABAR,973,60.3,27.8,DENV2,0.246,0.301,0.284,0.169
2019-04-01,JATENG,833,73.0,28.2,DENV3,0.211,0.232,0.364,0.192
2019-04-01,JATIM,585,38.8,29.5,DENV3,0.245,0.251,0.318,0.186
2019-04-01,BANTEN,325,72.1,28.9,DENV1,0.374,0.223,0.234,0.168
2019-04-01,DIY,228,55.6,26.8,DENV4,0.245,0.247,0.22,0.288
2019-05-01,DKI,750,78.9,28.5,DENV1,0.354,0.241,0.197,0.208
2019-05-01,JABAR,734,94.6,27.9,DENV2,0.258,0.333,0.246,0.163
2019-05-01,JATENG,900,88.5,28.3,DENV3,0.207,0.257,0.324,0.213
2019-05-01,JATIM,940,51.5,28.8,DENV3,0.249,0.251,0.288,0.212
2019-05-01,BANTEN,623,91.5,28.5,DENV1,0.344,0.29,0.199,0.167
2019-05-01,DIY,232,64.8,27.0,DENV4,0.203,0.238,0.236,0.324
2019-06-01,DKI,710,70.8,29.3,DENV1,0.342,0.287,0.205,0.166
2019-06-01,JABAR,1196,80.8,28.4,DENV2,0.247,0.315,0.259,0.179
2019-06-01,JATENG,877,71.4,28.9,DENV3,0.215,0.241,0.322,0.222
2019-06-01,JATIM,885,61.0,30.0,DENV3,0.205,0.287,0.315,0.192
2019-06-01,BANTEN,592,90.3,29.6,DENV1,0.329,0.259,0.241,0.171
2019-06-01,DIY,192,78.8,27.8,DENV4,0.235,0.21,0.263,0.293
2019-07-01,DKI,816,85.7,29.6,DENV1,0.34,0.298,0.201,0.161
2019-07-01,JABAR,1366,121.2,28.2,DENV2,0.3,0.321,0.225,0.153
2019-07-01,JATENG,856,103.4,28.4,DENV3,0.246,0.22,0.306,0.229
2019-07-01,JATIM,691,84.0,29.0,DENV3,0.253,0.246,0.299,0.202
2019-07-01,BANTEN,413,113.7,28.9,DENV1,0.356,0.247,0.222,0.176
2019-07-01,DIY,208,90.0,28.2,DENV4,0.243,0.202,0.25,0.306
2019-08-01,DKI,916,106.7,28.5,DENV1,0.347,0.262,0.214,0.178
2019-08-01,JABAR,1314,117.9,29.0,DENV2,0.23,0.319,0.258,0.194
2019-08-01,JATENG,642,78.1,29.4,DENV3,0.207,0.257,0.323,0.213
2019-08-01,JATIM,895,66.4,28.9,DENV3,0.25,0.237,0.312,0.201
2019-08-01,BANTEN,486,96.9,29.0,DENV1,0.376,0.264,0.21,0.15
2019-08-01,DIY,228,89.2,27.3,DENV4,0.219,0.218,0.225,0.338
2019-09-01,DKI,749,85.5,28.7,DENV1,0.29,0.277,0.239,0.194
2019-09-01,JABAR,1218,118.8,27.9,DENV2,0.245,0.322,0.248,0.186
2019-09-01,JATENG,796,93.7,29.1,DENV3,0.197,0.248,0.303,0.252
2019-09-01,JATIM,760,77.0,29.1,DENV3,0.263,0.225,0.291,0.221
2019-09-01,BANTEN,615,100.7,28.4,DENV1,0.332,0.231,0.244,0.193
2019-09-01,DIY,244,77.9,28.4,DENV4,0.253,0.214,0.228,0.305
2019-10-01,DKI,815,87.0,29.8,DENV1,0.346,0.301,0.191,0.162
2019-10-01,JABAR,1040,91.3,27.5,DENV2,0.283,0.323,0.245,0.149
2019-10-01,JATENG,860,65.8,29.4,DENV3,0.195,0.259,0.366,0.18
2019-10-01,JATIM,577,49.0,28.8,DENV3,0.247,0.266,0.283,0.204
2019-10-01,BANTEN,465,69.6,28.9,DENV1,0.347,0.233,0.188,0.232
2019-10-01,DIY,187,59.9,28.0,DENV4,0.17,0.224,0.287,0.319
2019-11-01,DKI,1568,262.9,26.6,DENV1,0.329,0.275,0.221,0.174
2019-11-01,JABAR,1467,267.0,26.6,DENV2,0.228,0.361,0.225,0.186
2019-11-01,JATENG,1121,237.7,26.5,DENV3,0.259,0.224,0.299,0.219
2019-11-01,JATIM,1822,157.0,27.3,DENV3,0.239,0.239,0.323,0.199
2019-11-01,BANTEN,1054,289.4,28.0,DENV1,0.397,0.224,0.201,0.178
2019-11-01,DIY,457,172.5,26.0,DENV4,0.182,0.224,0.267,0.327
2019-12-01,DKI,1752,318.3,27.3,DENV1,0.311,0.266,0.218,0.206
2019-12-01,JABAR,2371,300.8,27.2,DENV2,0.273,0.315,0.252,0.16
2019-12-01,JATENG,1818,323.8,27.1,DENV3,0.229,0.265,0.303,0.203
2019-12-01,JATIM,1339,178.7,27.8,DENV3,0.249,0.249,0.279,0.223
2019-12-01,BANTEN,733,348.9,28.0,DENV1,0.341,0.297,0.183,0.178
2019-12-01,DIY,398,287.7,26.0,DENV4,0.235,0.177,0.245,0.344
2020-01-01,DKI,968,246.5,27.0,DENV1,0.313,0.275,0.206,0.205
2020-01-01,JABAR,2423,303.4,26.0,DENV2,0.23,0.353,0.285,0.132
2020-01-01,JATENG,1809,254.4,28.0,DENV3,0.186,0.257,0.312,0.245
2020-01-01,JATIM,1830,181.5,28.3,DENV3,0.262,0.262,0.269,0.208
2020-01-01,BANTEN,907,228.8,27.5,DENV1,0.335,0.256,0.189,0.22
2020-01-01,DIY,618,241.7,26.8,DENV4,0.199,0.244,0.22,0.337
2020-02-01,DKI,1701,234.8,27.1,DENV1,0.358,0.244,0.199,0.199
2020-02-01,JABAR,1652,279.9,26.0,DENV2,0.26,0.326,0.243,0.17
2020-02-01,JATENG,1666,339.9,27.9,DENV3,0.223,0.256,0.297,0.224
2020-02-01,JATIM,2185,226.0,27.2,DENV3,0.246,0.225,0.27,0.258
2020-02-01,BANTEN,914,360.8,26.9,DENV1,0.362,0.25,0.22,0.168
2020-02-01,DIY,485,299.4,26.0,DENV4,0.215,0.223,0.242,0.32
2020-03-01,DKI,1428,288.3,27.0,DENV2,0.305,0.317,0.216,0.162
2020-03-01,JABAR,1781,306.1,27.3,DENV2,0.273,0.31,0.221,0.196
2020-03-01,JATENG,1338,373.9,26.5,DENV3,0.201,0.281,0.313,0.206
2020-03-01,JATIM,1707,255.2,27.2,DENV2,0.25,0.267,0.25,0.234
2020-03-01,BANTEN,993,374.6,27.7,DENV1,0.354,0.252,0.231,0.162
2020-03-01,DIY,571,268.0,26.0,DENV4,0.191,0.213,0.235,0.361
2020-04-01,DKI,610,53.4,29.2,DENV1,0.342,0.29,0.198,0.17
2020-04-01,JABAR,708,58.1,27.9,DENV2,0.273,0.296,0.276,0.156
2020-04-01,JATENG,594,76.2,28.5,DENV3,0.23,0.253,0.324,0.193
2020-04-01,JATIM,664,40.8,29.5,DENV3,0.221,0.271,0.317,0.191
2020-04-01,BANTEN,547,63.8,28.1,DENV1,0.331,0.251,0.223,0.196
2020-04-01,DIY,159,51.3,26.7,DENV4,0.223,0.235,0.238,0.305
2020-05-01,DKI,657,78.8,28.8,DENV1,0.317,0.304,0.18,0.199
2020-05-01,JABAR,863,77.5,28.5,DENV2,0.25,0.352,0.248,0.149
2020-05-01,JATENG,597,91.2,28.3,DENV3,0.183,0.233,0.374,0.21
2020-05-01,JATIM,669,58.2,30.0,DENV3,0.251,0.201,0.308,0.24
2020-05-01,BANTEN,524,68.2,28.2,DENV1,0.372,0.214,0.235,0.18
2020-05-01,DIY,242,68.3,26.9,DENV4,0.208,0.204,0.278,0.31
2020-06-01,DKI,726,80.7,29.6,DENV1,0.365,0.274,0.171,0.19
2020-06-01,JABAR,906,110.2,27.5,DENV2,0.248,0.345,0.221,0.186
2020-06-01,JATENG,698,82.6,28.2,DENV3,0.195,0.255,0.338,0.212
2020-06-01,JATIM,749,75.1,28.7,DENV3,0.261,0.224,0.278,0.237
2020-06-01,BANTEN,602,79.0,29.7,DENV1,0.364,0.231,0.224,0.181
2020-06-01,DIY,324,74.7,28.2,DENV4,0.206,0.211,0.276,0.308
2020-07-01,DKI,541,93.5,29.8,DENV2,0.285,0.32,0.221,0.174
2020-07-01,JABAR,1289,104.8,28.7,DENV2,0.225,0.287,0.258,0.229
2020-07-01,JATENG,1100,109.1,27.5,DENV3,0.203,0.243,0.334,0.22
2020-07-01,JATIM,1207,61.5,29.9,DENV3,0.244,0.236,0.312,0.208
2020-07-01,BANTEN,668,92.9,29.0,DENV1,0.373,0.291,0.194,0.142
2020-07-01,DIY,235,82.2,27.2,DENV4,0.217,0.172,0.269,0.341
2020-08-01,DKI,854,82.6,29.4,DENV1,0.325,0.302,0.233,0.14
2020-08-01,JABAR,831,117.2,28.1,DENV2,0.258,0.301,0.262,0.18
2020-08-01,JATENG,893,91.6,28.0,DENV3,0.226,0.253,0.306,0.216
2020-08-01,JATIM,972,69.7,29.4,DENV3,0.256,0.215,0.348,0.181
2020-08-01,BANTEN,654,97.9,29.6,DENV1,0.332,0.28,0.231,0.158
2020-08-01,DIY,313,99.1,27.8,DENV4,0.225,0.219,0.26,0.295
2020-09-01,DKI,614,79.5,28.9,DENV1,0.319,0.29,0.203,0.187
2020-09-01,JABAR,879,85.0,28.9,DENV2,0.207,0.305,0.244,0.244
2020-09-01,JATENG,697,83.2,28.0,DENV3,0.217,0.258,0.318,0.207
2020-09-01,JATIM,837,79.5,30.0,DENV3,0.22,0.266,0.29,0.224
2020-09-01,BANTEN,622,76.6,29.2,DENV1,0.351,0.222,0.224,0.203
2020-09-01,DIY,289,70.2,26.5,DENV4,0.208,0.184,0.291,0.316
2020-10-01,DKI,516,75.2,29.6,DENV1,0.312,0.267,0.21,0.211
2020-10-01,JABAR,1081,78.3,27.8,DENV2,0.264,0.28,0.258,0.199
2020-10-01,JATENG,555,92.7,28.2,DENV3,0.197,0.276,0.295,0.232
2020-10-01,JATIM,611,63.3,28.9,DENV1,0.288,0.227,0.287,0.199
2020-10-01,BANTEN,428,71.9,29.6,DENV1,0.352,0.242,0.196,0.209
2020-10-01,DIY,303,66.1,28.5,DENV4,0.233,0.219,0.242,0.306
2020-11-01,DKI,1304,236.0,28.3,DENV1,0.324,0.292,0.226,0.158
2020-11-01,JABAR,2458,277.7,26.7,DENV2,0.253,0.328,0.237,0.183
2020-11-01,JATENG,1114,192.1,26.6,DENV3,0.2,0.225,0.33,0.245
2020-11-01,JATIM,1325,187.3,27.9,DENV3,0.23,0.283,0.291,0.196
2020-11-01,BANTEN,1076,305.4,27.0,DENV1,0.339,0.259,0.228,0.174
2020-11-01,DIY,385,180.6,26.6,DENV4,0.248,0.197,0.234,0.321
2020-12-01,DKI,1810,234.4,28.3,DENV1,0.325,0.273,0.186,0.215
2020-12-01,JABAR,2381,268.2,26.8,DENV2,0.245,0.317,0.253,0.184
2020-12-01,JATENG,2040,262.1,26.1,DENV3,0.233,0.25,0.305,0.212
2020-12-01,JATIM,2135,220.0,28.6,DENV1,0.282,0.258,0.255,0.204
2020-12-01,BANTEN,1073,351.2,27.3,DENV1,0.414,0.211,0.215,0.16
2020-12-01,DIY,484,295.2,26.2,DENV4,0.231,0.255,0.218,0.295
2021-01-01,DKI,1250,201.5,27.3,DENV1,0.323,0.293,0.192,0.191
2021-01-01,JABAR,2103,233.0,26.5,DENV2,0.237,0.342,0.25,0.172
2021-01-01,JATENG,1843,226.7,26.9,DENV3,0.232,0.257,0.317,0.194
2021-01-01,JATIM,1330,157.3,28.5,DENV3,0.234,0.273,0.292,0.201
2021-01-01,BANTEN,1186,266.6,27.3,DENV1,0.342,0.218,0.229,0.211
2021-01-01,DIY,608,169.1,26.0,DENV4,0.254,0.196,0.239,0.311
2021-02-01,DKI,1440,319.3,28.3,DENV1,0.318,0.313,0.205,0.164
2021-02-01,JABAR,1965,372.8,26.0,DENV2,0.255,0.338,0.235,0.172
2021-02-01,JATENG,1335,241.0,27.1,DENV2,0.197,0.309,0.304,0.19
2021-02-01,JATIM,2198,180.3,28.2,DENV3,0.232,0.242,0.319,0.208
2021-02-01,BANTEN,1351,327.1,27.3,DENV1,0.393,0.217,0.223,0.167
2021-02-01,DIY,386,252.5,26.0,DENV4,0.216,0.183,0.28,0.32
2021-03-01,DKI,1279,325.9,27.9,DENV1,0.314,0.277,0.253,0.155
2021-03-01,JABAR,2537,324.1,26.0,DENV3,0.248,0.29,0.31,0.152
2021-03-01,JATENG,1406,363.0,27.4,DENV3,0.214,0.249,0.311,0.226
2021-03-01,JATIM,1732,221.7,28.1,DENV3,0.213,0.249,0.311,0.226
2021-03-01,BANTEN,936,323.3,27.8,DENV1,0.362,0.213,0.224,0.201
2021-03-01,DIY,507,328.1,26.6,DENV4,0.216,0.236,0.247,0.301
2021-04-01,DKI,651,63.3,29.6,DENV1,0.352,0.286,0.214,0.148
2021-04-01,JABAR,690,84.9,27.3,DENV2,0.256,0.31,0.237,0.197
2021-04-01,JATENG,821,63.5,27.9,DENV3,0.203,0.237,0.338,0.222
2021-04-01,JATIM,831,49.2,29.5,DENV3,0.232,0.235,0.286,0.247
2021-04-01,BANTEN,589,78.9,29.8,DENV1,0.352,0.248,0.22,0.179
2021-04-01,DIY,181,56.9,26.7,DENV3,0.218,0.202,0.294,0.285
2021-05-01,DKI,819,78.1,29.4,DENV1,0.291,0.281,0.227,0.202
2021-05-01,JABAR,826,75.5,28.9,DENV2,0.249,0.321,0.241,0.189
2021-05-01,JATENG,733,89.8,29.5,DENV3,0.248,0.221,0.34,0.19
2021-05-01,JATIM,895,60.0,29.1,DENV3,0.259,0.248,0.264,0.229
2021-05-01,BANTEN,554,76.5,28.3,DENV1,0.36,0.234,0.256,0.151
2021-05-01,DIY,202,63.9,28.2,DENV4,0.221,0.193,0.271,0.316
2021-06-01,DKI,530,75.8,29.7,DENV1,0.317,0.28,0.244,0.159
2021-06-01,JABAR,1112,110.7,28.1,DENV2,0.243,0.279,0.265,0.212
2021-06-01,JATENG,688,101.3,28.8,DENV3,0.229,0.261,0.304,0.207
2021-06-01,JATIM,1009,60.8,30.0,DENV3,0.245,0.238,0.307,0.21
2021-06-01,BANTEN,622,104.1,29.2,DENV1,0.331,0.257,0.223,0.188
2021-06-01,DIY,252,65.0,27.4,DENV4,0.245,0.197,0.24,0.318
2021-07-01,DKI,893,103.0,28.7,DENV1,0.314,0.268,0.237,0.181
2021-07-01,JABAR,892,97.7,27.4,DENV1,0.292,0.275,0.256,0.176
2021-07-01,JATENG,699,96.1,29.3,DENV3,0.19,0.249,0.334,0.228
2021-07-01,JATIM,1094,73.4,28.8,DENV3,0.239,0.272,0.278,0.211
2021-07-01,BANTEN,629,108.0,29.2,DENV1,0.347,0.257,0.199,0.197
2021-07-01,DIY,336,86.1,28.4,DENV4,0.183,0.247,0.257,0.314
2021-08-01,DKI,611,72.9,29.8,DENV1,0.309,0.291,0.209,0.191
2021-08-01,JABAR,1497,85.7,27.6,DENV2,0.25,0.32,0.231,0.199
2021-08-01,JATENG,1108,78.1,29.2,DENV3,0.216,0.239,0.317,0.227
2021-08-01,JATIM,1133,59.3,30.0,DENV3,0.232,0.256,0.28,0.232
2021-08-01,BANTEN,691,92.8,28.1,DENV1,0.375,0.227,0.198,0.201
2021-08-01,DIY,249,81.3,28.3,DENV4,0.21,0.182,0.267,0.341
2021-09-01,DKI,522,78.7,29.0,DENV2,0.3,0.304,0.231,0.165
2021-09-01,JABAR,1355,110.2,29.0,DENV2,0.272,0.333,0.241,0.155
2021-09-01,JATENG,830,78.7,28.6,DENV3,0.224,0.262,0.326,0.188
2021-09-01,JATIM,1054,70.5,28.5,DENV3,0.272,0.214,0.292,0.221
2021-09-01,BANTEN,549,85.4,28.3,DENV1,0.369,0.266,0.186,0.179
2021-09-01,DIY,287,65.6,27.9,DENV4,0.219,0.225,0.238,0.318
2021-10-01,DKI,723,74.5,29.2,DENV2,0.29,0.302,0.208,0.199
2021-10-01,JABAR,1070,74.1,28.8,DENV2,0.245,0.34,0.264,0.15
2021-10-01,JATENG,811,77.8,29.4,DENV3,0.206,0.294,0.313,0.187
2021-10-01,JATIM,1036,50.8,29.1,DENV3,0.266,0.235,0.289,0.211
2021-10-01,BANTEN,534,94.1,28.9,DENV1,0.336,0.249,0.229,0.185
2021-10-01,DIY,232,62.1,26.5,DENV4,0.219,0.213,0.268,0.3
2021-11-01,DKI,998,230.6,28.1,DENV1,0.341,0.266,0.201,0.192
2021-11-01,JABAR,2149,239.2,27.1,DENV2,0.244,0.327,0.217,0.213
2021-11-01,JATENG,1730,228.5,27.4,DENV3,0.167,0.285,0.312,0.237
2021-11-01,JATIM,1425,201.7,28.0,DENV3,0.222,0.223,0.328,0.227
2021-11-01,BANTEN,1129,250.7,27.8,DENV1,0.315,0.269,0.249,0.168
2021-11-01,DIY,423,204.5,26.5,DENV4,0.216,0.211,0.272,0.301
2021-12-01,DKI,1056,270.9,27.2,DENV1,0.339,0.263,0.231,0.167
2021-12-01,JABAR,2158,294.6,26.0,DENV2,0.236,0.309,0.262,0.193
2021-12-01,JATENG,2089,262.8,27.3,DENV3,0.208,0.247,0.309,0.236
2021-12-01,JATIM,1402,202.2,28.4,DENV2,0.258,0.277,0.26,0.204
2021-12-01,BANTEN,767,252.5,28.3,DENV1,0.357,0.289,0.205,0.15
2021-12-01,DIY,543,241.9,26.5,DENV4,0.247,0.198,0.238,0.317
2022-01-01,DKI,995,225.0,27.9,DENV1,0.322,0.272,0.224,0.183
2022-01-01,JABAR,1504,235.4,26.3,DENV2,0.27,0.316,0.264,0.151
2022-01-01,JATENG,1875,222.1,26.7,DENV3,0.235,0.225,0.329,0.211
2022-01-01,JATIM,1826,150.3,27.9,DENV3,0.264,0.245,0.309,0.182
2022-01-01,BANTEN,1272,215.4,27.2,DENV1,0.35,0.232,0.22,0.197
2022-01-01,DIY,623,182.3,26.7,DENV4,0.176,0.229,0.243,0.351
2022-02-01,DKI,1787,300.3,27.7,DENV1,0.319,0.289,0.172,0.221
2022-02-01,JABAR,2800,310.8,26.0,DENV2,0.259,0.353,0.241,0.147
2022-02-01,JATENG,1355,280.9,26.1,DENV3,0.211,0.226,0.345,0.218
2022-02-01,JATIM,1357,238.3,27.2,DENV1,0.313,0.239,0.257,0.191
2022-02-01,BANTEN,1076,347.5,27.6,DENV1,0.362,0.235,0.21,0.193
2022-02-01,DIY,639,245.0,26.1,DENV4,0.237,0.184,0.252,0.327
2022-03-01,DKI,1401,269.7,28.4,DENV1,0.333,0.303,0.183,0.181
2022-03-01,JABAR,1967,343.8,26.0,DENV2,0.239,0.334,0.244,0.183
2022-03-01,JATENG,1758,301.7,27.8,DENV3,0.22,0.27,0.328,0.182
2022-03-01,JATIM,2417,272.7,28.2,DENV1,0.284,0.237,0.263,0.216
2022-03-01,BANTEN,866,291.1,26.9,DENV1,0.336,0.263,0.196,0.205
2022-03-01,DIY,450,287.0,26.7,DENV4,0.242,0.189,0.279,0.291
2022-04-01,DKI,507,71.2,29.9,DENV1,0.402,0.25,0.211,0.137
2022-04-01,JABAR,1014,72.6,27.0,DENV2,0.262,0.348,0.242,0.149
2022-04-01,JATENG,549,66.0,29.2,DENV3,0.196,0.255,0.349,0.2
2022-04-01,JATIM,939,56.7,29.3,DENV3,0.22,0.279,0.282,0.218
2022-04-01,BANTEN,467,59.4,28.4,DENV1,0.365,0.233,0.175,0.227
2022-04-01,DIY,277,53.7,27.9,DENV4,0.202,0.19,0.258,0.351
2022-05-01,DKI,729,73.1,28.8,DENV1,0.303,0.301,0.198,0.198
2022-05-01,JABAR,904,92.1,27.8,DENV2,0.251,0.315,0.26,0.173
2022-05-01,JATENG,948,75.6,28.5,DENV3,0.207,0.247,0.344,0.202
2022-05-01,JATIM,1050,64.4,29.8,DENV3,0.241,0.251,0.315,0.193
2022-05-01,BANTEN,514,96.7,29.2,DENV1,0.351,0.234,0.22,0.195
2022-05-01,DIY,220,64.5,26.9,DENV4,0.202,0.218,0.239,0.341
2022-06-01,DKI,640,67.8,30.0,DENV1,0.318,0.285,0.186,0.21
2022-06-01,JABAR,1173,102.3,28.0,DENV2,0.25,0.29,0.263,0.197
2022-06-01,JATENG,738,77.8,28.6,DENV3,0.221,0.257,0.304,0.217
2022-06-01,JATIM,1193,74.5,28.8,DENV3,0.232,0.233,0.341,0.194
2022-06-01,BANTEN,517,104.4,29.9,DENV1,0.326,0.271,0.215,0.187
2022-06-01,DIY,248,88.0,27.5,DENV4,0.228,0.24,0.247,0.285
2022-07-01,DKI,822,84.5,28.3,DENV1,0.331,0.268,0.244,0.156
2022-07-01,JABAR,857,102.0,27.1,DENV2,0.266,0.297,0.257,0.179
2022-07-01,JATENG,727,76.6,28.9,DENV3,0.199,0.274,0.315,0.211
2022-07-01,JATIM,1153,83.0,28.8,DENV3,0.264,0.246,0.283,0.207
2022-07-01,BANTEN,477,97.0,28.3,DENV1,0.333,0.252,0.224,0.192
2022-07-01,DIY,333,69.6,27.6,DENV4,0.19,0.208,0.249,0.353
2022-08-01,DKI,625,92.9,29.0,DENV1,0.322,0.269,0.212,0.197
2022-08-01,JABAR,1147,105.3,28.2,DENV2,0.247,0.291,0.266,0.196
2022-08-01,JATENG,774,82.9,28.3,DENV3,0.194,0.248,0.335,0.223
2022-08-01,JATIM,837,64.2,29.0,DENV3,0.204,0.259,0.276,0.261
2022-08-01,BANTEN,565,118.7,28.5,DENV1,0.325,0.231,0.268,0.176
2022-08-01,DIY,274,68.1,27.6,DENV4,0.214,0.243,0.237,0.306
2022-09-01,DKI,744,77.1,29.2,DENV1,0.312,0.297,0.237,0.154
2022-09-01,JABAR,1001,89.9,28.0,DENV2,0.272,0.348,0.223,0.156
2022-09-01,JATENG,993,80.0,27.9,DENV3,0.197,0.22,0.33,0.253
2022-09-01,JATIM,794,53.6,29.6,DENV3,0.237,0.231,0.296,0.235
2022-09-01,BANTEN,683,103.4,29.4,DENV1,0.353,0.238,0.223,0.185
2022-09-01,DIY,366,69.5,27.5,DENV4,0.168,0.263,0.256,0.314
2022-10-01,DKI,649,68.0,29.2,DENV1,0.294,0.27,0.226,0.21
2022-10-01,JABAR,1121,84.9,27.4,DENV2,0.258,0.337,0.222,0.183
2022-10-01,JATENG,826,68.1,27.8,DENV3,0.184,0.269,0.312,0.235
2022-10-01,JATIM,1075,62.0,29.6,DENV1,0.292,0.249,0.276,0.183
2022-10-01,BANTEN,497,92.2,29.2,DENV1,0.334,0.264,0.214,0.189
2022-10-01,DIY,286,79.1,27.5,DENV4,0.246,0.21,0.216,0.327
2022-11-01,DKI,1069,245.6,27.3,DENV2,0.295,0.317,0.203,0.186
2022-11-01,JABAR,2106,259.2,26.0,DENV2,0.242,0.31,0.262,0.186
2022-11-01,JATENG,1741,269.5,26.4,DENV3,0.215,0.25,0.299,0.236
2022-11-01,JATIM,1592,168.9,28.1,DENV3,0.252,0.244,0.259,0.246
2022-11-01,BANTEN,737,274.3,28.2,DENV1,0.373,0.251,0.216,0.16
2022-11-01,DIY,374,184.9,26.0,DENV4,0.197,0.231,0.243,0.329
2022-12-01,DKI,1368,276.5,27.8,DENV1,0.35,0.275,0.21,0.165
2022-12-01,JABAR,1907,299.6,27.3,DENV2,0.229,0.327,0.284,0.159
2022-12-01,JATENG,1320,247.3,28.0,DENV3,0.208,0.219,0.379,0.194
2022-12-01,JATIM,1840,216.1,28.3,DENV3,0.24,0.263,0.31,0.187
2022-12-01,BANTEN,807,308.9,27.9,DENV1,0.359,0.239,0.238,0.164
2022-12-01,DIY,591,204.8,26.9,DENV4,0.223,0.218,0.232,0.327
2023-01-01,DKI,1735,238.7,27.8,DENV1,0.317,0.276,0.202,0.205
2023-01-01,JABAR,2300,253.5,26.9,DENV3,0.261,0.291,0.299,0.15
2023-01-01,JATENG,1507,225.9,27.4,DENV3,0.213,0.222,0.315,0.25
2023-01-01,JATIM,1990,197.9,27.2,DENV4,0.225,0.237,0.248,0.29
2023-01-01,BANTEN,1051,208.0,28.3,DENV1,0.327,0.244,0.208,0.221
2023-01-01,DIY,590,201.4,26.0,DENV4,0.199,0.226,0.276,0.299
2023-02-01,DKI,1602,262.1,27.9,DENV1,0.285,0.251,0.268,0.195
2023-02-01,JABAR,2353,290.4,27.4,DENV2,0.275,0.32,0.237,0.168
2023-02-01,JATENG,1486,315.4,27.4,DENV3,0.206,0.245,0.3,0.248
2023-02-01,JATIM,1345,231.8,27.4,DENV3,0.217,0.276,0.289,0.218
2023-02-01,BANTEN,1295,316.1,27.1,DENV1,0.42,0.239,0.2,0.142
2023-02-01,DIY,589,257.0,26.0,DENV4,0.24,0.228,0.233,0.299
2023-03-01,DKI,1765,327.9,28.3,DENV2,0.298,0.311,0.22,0.172
2023-03-01,JABAR,1893,392.1,26.0,DENV2,0.26,0.307,0.268,0.165
2023-03-01,JATENG,2316,254.2,27.5,DENV3,0.195,0.255,0.306,0.244
2023-03-01,JATIM,2103,208.6,27.8,DENV3,0.254,0.221,0.263,0.261
2023-03-01,BANTEN,1508,371.3,28.0,DENV1,0.356,0.252,0.22,0.173
2023-03-01,DIY,511,305.3,26.0,DENV4,0.223,0.208,0.239,0.33
2023-04-01,DKI,469,69.6,29.5,DENV1,0.332,0.304,0.2,0.164
2023-04-01,JABAR,946,63.8,28.2,DENV2,0.241,0.307,0.255,0.196
2023-04-01,JATENG,520,53.7,28.0,DENV3,0.223,0.238,0.332,0.207
2023-04-01,JATIM,616,54.1,29.7,DENV2,0.26,0.264,0.25,0.226
2023-04-01,BANTEN,540,70.4,28.3,DENV1,0.352,0.271,0.194,0.183
2023-04-01,DIY,211,57.9,27.7,DENV4,0.227,0.222,0.257,0.294
2023-05-01,DKI,669,82.8,29.1,DENV1,0.359,0.276,0.188,0.177
2023-05-01,JABAR,975,97.3,29.0,DENV2,0.223,0.348,0.251,0.178
2023-05-01,JATENG,849,75.9,28.8,DENV3,0.185,0.292,0.321,0.201
2023-05-01,JATIM,725,50.4,29.4,DENV1,0.268,0.232,0.268,0.232
2023-05-01,BANTEN,647,70.8,29.9,DENV1,0.31,0.238,0.241,0.21
2023-05-01,DIY,275,63.7,28.5,DENV4,0.243,0.193,0.261,0.304
2023-06-01,DKI,683,92.0,28.2,DENV1,0.316,0.31,0.188,0.185
2023-06-01,JABAR,1346,110.4,28.0,DENV2,0.245,0.344,0.257,0.153
2023-06-01,JATENG,745,81.9,28.4,DENV3,0.23,0.243,0.288,0.239
2023-06-01,JATIM,1017,56.1,30.0,DENV3,0.213,0.251,0.338,0.199
2023-06-01,BANTEN,713,83.7,29.4,DENV1,0.367,0.238,0.214,0.182
2023-06-01,DIY,373,69.9,28.4,DENV4,0.182,0.224,0.289,0.305
2023-07-01,DKI,974,83.2,29.7,DENV1,0.326,0.292,0.211,0.171
2023-07-01,JABAR,928,113.4,28.3,DENV2,0.239,0.335,0.245,0.181
2023-07-01,JATENG,1166,109.2,27.8,DENV3,0.222,0.25,0.311,0.217
2023-07-01,JATIM,1060,61.4,30.0,DENV3,0.248,0.254,0.272,0.226
2023-07-01,BANTEN,675,99.8,29.5,DENV1,0.342,0.229,0.223,0.207
2023-07-01,DIY,280,78.4,28.0,DENV4,0.23,0.191,0.242,0.338
2023-08-01,DKI,679,104.1,28.1,DENV1,0.32,0.286,0.25,0.144
2023-08-01,JABAR,1179,102.2,27.4,DENV2,0.238,0.299,0.242,0.221
2023-08-01,JATENG,940,104.9,28.1,DENV3,0.197,0.275,0.311,0.218
2023-08-01,JATIM,737,68.6,30.0,DENV3,0.246,0.242,0.288,0.224
2023-08-01,BANTEN,569,113.8,28.9,DENV1,0.33,0.306,0.177,0.187
2023-08-01,DIY,341,83.8,27.5,DENV4,0.271,0.208,0.243,0.278
2023-09-01,DKI,994,100.0,28.1,DENV2,0.312,0.323,0.184,0.181
2023-09-01,JABAR,1101,80.2,27.3,DENV2,0.251,0.346,0.258,0.144
2023-09-01,JATENG,896,104.9,27.5,DENV3,0.222,0.231,0.332,0.215
2023-09-01,JATIM,789,70.8,29.6,DENV3,0.227,0.275,0.3,0.199
2023-09-01,BANTEN,553,86.5,28.2,DENV1,0.368,0.295,0.185,0.152
2023-09-01,DIY,324,86.4,27.6,DENV4,0.2,0.197,0.246,0.357
2023-10-01,DKI,667,61.2,29.5,DENV1,0.327,0.264,0.2,0.209
2023-10-01,JABAR,909,98.4,27.8,DENV2,0.234,0.341,0.281,0.144
2023-10-01,JATENG,1029,85.8,28.0,DENV3,0.223,0.273,0.309,0.194
2023-10-01,JATIM,693,62.9,30.0,DENV1,0.268,0.258,0.264,0.21
2023-10-01,BANTEN,617,73.5,29.0,DENV1,0.34,0.256,0.232,0.172
2023-10-01,DIY,310,64.9,27.7,DENV4,0.217,0.218,0.273,0.292
2023-11-01,DKI,1701,239.9,27.6,DENV1,0.334,0.269,0.202,0.195
2023-11-01,JABAR,1957,267.0,26.0,DENV2,0.259,0.329,0.232,0.181
2023-11-01,JATENG,1855,242.2,26.4,DENV3,0.235,0.275,0.284,0.206
2023-11-01,JATIM,1183,206.7,28.2,DENV3,0.264,0.264,0.265,0.207
2023-11-01,BANTEN,1080,214.7,28.0,DENV1,0.343,0.244,0.262,0.151
2023-11-01,DIY,498,169.7,26.2,DENV4,0.219,0.246,0.241,0.294
2023-12-01,DKI,1317,255.5,28.3,DENV1,0.326,0.297,0.209,0.168
2023-12-01,JABAR,2203,386.4,26.0,DENV3,0.246,0.291,0.292,0.17
2023-12-01,JATENG,1707,295.1,27.0,DENV3,0.218,0.224,0.348,0.209
2023-12-01,JATIM,1485,178.5,28.8,DENV3,0.227,0.243,0.31,0.219
2023-12-01,BANTEN,1097,308.1,28.0,DENV1,0.364,0.237,0.179,0.22
2023-12-01,DIY,720,216.0,26.3,DENV4,0.244,0.195,0.244,0.317
2024-01-01,DKI,1313,228.3,27.7,DENV1,0.287,0.283,0.243,0.187
2024-01-01,JABAR,2611,217.4,26.0,DENV2,0.279,0.305,0.253,0.162
2024-01-01,JATENG,1441,233.5,27.0,DENV3,0.209,0.247,0.307,0.236
2024-01-01,JATIM,1806,208.1,28.6,DENV1,0.299,0.23,0.259,0.212
2024-01-01,BANTEN,1024,226.9,27.8,DENV1,0.366,0.27,0.182,0.183
2024-01-01,DIY,478,214.1,26.0,DENV4,0.201,0.199,0.277,0.324
2024-02-01,DKI,1265,239.3,26.8,DENV1,0.348,0.292,0.212,0.148
2024-02-01,JABAR,1649,354.5,27.0,DENV2,0.25,0.319,0.249,0.182
2024-02-01,JATENG,1863,338.5,27.4,DENV3,0.21,0.253,0.321,0.215
2024-02-01,JATIM,1463,192.0,27.3,DENV1,0.288,0.243,0.278,0.192
2024-02-01,BANTEN,926,310.6,26.8,DENV1,0.323,0.25,0.22,0.207
2024-02-01,DIY,590,226.6,26.3,DENV4,0.212,0.214,0.276,0.297
2024-03-01,DKI,1253,330.4,27.0,DENV2,0.291,0.315,0.199,0.195
2024-03-01,JABAR,2213,330.0,26.3,DENV2,0.225,0.307,0.285,0.182
2024-03-01,JATENG,1749,358.8,27.7,DENV3,0.214,0.259,0.304,0.224
2024-03-01,JATIM,2114,236.7,27.7,DENV3,0.25,0.242,0.281,0.227
2024-03-01,BANTEN,1482,327.8,28.0,DENV1,0.373,0.267,0.221,0.139
2024-03-01,DIY,610,229.2,26.8,DENV4,0.226,0.226,0.247,0.3
2024-04-01,DKI,762,71.8,29.9,DENV2,0.305,0.313,0.197,0.185
2024-04-01,JABAR,1181,74.1,27.7,DENV3,0.229,0.298,0.303,0.17
2024-04-01,JATENG,697,66.8,28.9,DENV3,0.221,0.253,0.348,0.177
2024-04-01,JATIM,916,52.5,28.9,DENV1,0.302,0.237,0.271,0.189
2024-04-01,BANTEN,566,55.9,29.5,DENV1,0.347,0.251,0.19,0.213
2024-04-01,DIY,267,55.6,27.0,DENV4,0.236,0.235,0.238,0.291
2024-05-01,DKI,873,68.0,28.2,DENV1,0.309,0.265,0.22,0.206
2024-05-01,JABAR,1206,78.4,27.4,DENV2,0.231,0.309,0.249,0.21
2024-05-01,JATENG,803,90.7,28.8,DENV3,0.211,0.29,0.302,0.197
2024-05-01,JATIM,1036,63.6,29.5,DENV3,0.222,0.258,0.316,0.204
2024-05-01,BANTEN,499,98.5,29.4,DENV1,0.35,0.228,0.263,0.159
2024-05-01,DIY,259,64.2,27.4,DENV4,0.208,0.211,0.274,0.307
2024-06-01,DKI,823,78.5,29.2,DENV1,0.346,0.273,0.209,0.172
2024-06-01,JABAR,1360,91.2,28.0,DENV2,0.258,0.3,0.256,0.187
2024-06-01,JATENG,670,78.7,28.8,DENV3,0.205,0.261,0.306,0.228
2024-06-01,JATIM,722,77.9,28.6,DENV3,0.25,0.249,0.274,0.227
2024-06-01,BANTEN,528,105.3,29.5,DENV1,0.324,0.276,0.198,0.203
2024-06-01,DIY,263,71.2,28.4,DENV4,0.215,0.241,0.244,0.3
2024-07-01,DKI,799,72.4,28.3,DENV1,0.331,0.284,0.202,0.182
2024-07-01,JABAR,982,90.2,28.3,DENV2,0.274,0.339,0.246,0.141
2024-07-01,JATENG,642,82.9,29.0,DENV3,0.253,0.235,0.325,0.187
2024-07-01,JATIM,1197,84.9,29.9,DENV3,0.234,0.232,0.304,0.23
2024-07-01,BANTEN,727,110.6,29.8,DENV1,0.319,0.24,0.213,0.228
2024-07-01,DIY,264,88.4,28.4,DENV4,0.184,0.226,0.276,0.313
2024-08-01,DKI,838,82.0,29.9,DENV1,0.343,0.264,0.214,0.179
2024-08-01,JABAR,1118,104.7,27.5,DENV2,0.246,0.317,0.29,0.148
2024-08-01,JATENG,935,105.9,29.0,DENV3,0.227,0.238,0.327,0.207
2024-08-01,JATIM,1276,68.7,29.5,DENV3,0.279,0.235,0.299,0.187
2024-08-01,BANTEN,487,90.3,29.7,DENV1,0.35,0.244,0.204,0.202
2024-08-01,DIY,367,73.9,27.8,DENV4,0.206,0.208,0.263,0.323
2024-09-01,DKI,645,90.7,29.3,DENV1,0.329,0.312,0.19,0.169
2024-09-01,JABAR,1091,109.4,28.1,DENV2,0.249,0.349,0.229,0.173
2024-09-01,JATENG,796,94.6,27.9,DENV3,0.223,0.24,0.328,0.209
2024-09-01,JATIM,882,75.7,29.2,DENV3,0.259,0.242,0.292,0.208
2024-09-01,BANTEN,498,85.8,28.7,DENV1,0.356,0.25,0.238,0.156
2024-09-01,DIY,351,87.9,27.4,DENV4,0.225,0.22,0.245,0.31
2024-10-01,DKI,507,70.5,28.3,DENV1,0.291,0.279,0.228,0.201
2024-10-01,JABAR,767,94.9,28.9,DENV2,0.299,0.3,0.238,0.164
2024-10-01,JATENG,570,91.2,29.4,DENV3,0.183,0.262,0.353,0.202
2024-10-01,JATIM,814,50.9,30.0,DENV3,0.251,0.249,0.257,0.243
2024-10-01,BANTEN,622,72.5,29.4,DENV1,0.328,0.253,0.23,0.19
2024-10-01,DIY,283,54.7,27.9,DENV4,0.226,0.24,0.234,0.301
2024-11-01,DKI,1370,225.0,26.7,DENV1,0.319,0.275,0.193,0.214
2024-11-01,JABAR,2159,262.7,27.3,DENV2,0.248,0.318,0.286,0.147
2024-11-01,JATENG,1114,251.5,26.4,DENV3,0.213,0.257,0.298,0.232
2024-11-01,JATIM,2175,175.1,27.9,DENV3,0.249,0.21,0.278,0.263
2024-11-01,BANTEN,745,304.2,28.1,DENV1,0.331,0.244,0.231,0.194
2024-11-01,DIY,366,185.9,26.5,DENV4,0.261,0.214,0.214,0.311
2024-12-01,DKI,1476,292.8,27.0,DENV1,0.32,0.28,0.234,0.166
2024-12-01,JABAR,1959,309.3,26.3,DENV2,0.261,0.313,0.243,0.182
2024-12-01,JATENG,1846,283.5,26.6,DENV3,0.246,0.229,0.326,0.2
2024-12-01,JATIM,1444,251.4,28.8,DENV3,0.234,0.236,0.307,0.224
2024-12-01,BANTEN,1430,266.3,28.4,DENV1,0.379,0.234,0.224,0.163
2024-12-01,DIY,684,215.1,26.1,DENV4,0.209,0.209,0.237,0.346
2025-01-01,DKI,1242,261.4,27.6,DENV1,0.331,0.305,0.191,0.173
2025-01-01,JABAR,2406,304.7,26.3,DENV2,0.257,0.35,0.232,0.161
2025-01-01,JATENG,1146,222.3,26.5,DENV3,0.204,0.27,0.34,0.186
2025-01-01,JATIM,1340,151.6,27.8,DENV1,0.277,0.258,0.264,0.202
2025-01-01,BANTEN,1049,265.4,26.8,DENV1,0.359,0.218,0.225,0.198
2025-01-01,DIY,629,190.9,26.0,DENV4,0.248,0.19,0.247,0.315
2025-02-01,DKI,1396,283.8,27.4,DENV1,0.321,0.308,0.214,0.157
2025-02-01,JABAR,2147,378.5,26.3,DENV2,0.197,0.325,0.262,0.216
2025-02-01,JATENG,2068,304.9,27.0,DENV3,0.205,0.278,0.302,0.216
2025-02-01,JATIM,2065,176.8,28.0,DENV3,0.248,0.212,0.303,0.236
2025-02-01,BANTEN,852,361.7,27.9,DENV1,0.356,0.256,0.235,0.153
2025-02-01,DIY,545,238.1,26.0,DENV4,0.199,0.255,0.223,0.323
2025-03-01,DKI,1400,346.7,26.7,DENV1,0.316,0.268,0.243,0.173
2025-03-01,JABAR,2276,387.9,26.6,DENV2,0.256,0.335,0.221,0.187
2025-03-01,JATENG,1665,364.6,26.3,DENV3,0.219,0.28,0.287,0.215
2025-03-01,JATIM,2388,202.6,28.4,DENV3,0.27,0.217,0.271,0.242
2025-03-01,BANTEN,938,330.0,27.9,DENV1,0.378,0.225,0.252,0.146
2025-03-01,DIY,763,321.6,26.0,DENV4,0.195,0.206,0.255,0.344
2025-04-01,DKI,675,68.0,29.6,DENV1,0.337,0.259,0.224,0.18
2025-04-01,JABAR,942,62.3,27.8,DENV2,0.226,0.338,0.267,0.169
2025-04-01,JATENG,790,67.4,28.3,DENV3,0.223,0.229,0.309,0.239
2025-04-01,JATIM,793,45.0,29.3,DENV3,0.252,0.263,0.3,0.185
2025-04-01,BANTEN,495,77.3,28.9,DENV1,0.386,0.245,0.197,0.172
2025-04-01,DIY,281,56.4,27.0,DENV4,0.23,0.207,0.24,0.323
2025-05-01,DKI,811,78.5,28.8,DENV1,0.322,0.306,0.219,0.153
2025-05-01,JABAR,781,84.5,27.7,DENV2,0.265,0.315,0.237,0.183
2025-05-01,JATENG,587,92.6,27.9,DENV3,0.2,0.272,0.341,0.187
2025-05-01,JATIM,668,63.6,29.8,DENV2,0.237,0.301,0.28,0.182
2025-05-01,BANTEN,528,87.6,28.5,DENV1,0.349,0.249,0.178,0.224
2025-05-01,DIY,299,55.6,27.9,DENV4,0.201,0.22,0.277,0.301
2025-06-01,DKI,722,98.8,29.4,DENV1,0.304,0.271,0.23,0.195
2025-06-01,JABAR,1326,113.1,28.7,DENV2,0.271,0.34,0.233,0.157
2025-06-01,JATENG,962,92.8,28.2,DENV3,0.204,0.263,0.299,0.234
2025-06-01,JATIM,770,60.4,29.2,DENV2,0.226,0.287,0.274,0.213
2025-06-01,BANTEN,736,94.8,28.5,DENV1,0.388,0.235,0.193,0.184
2025-06-01,DIY,352,81.8,28.5,DENV4,0.236,0.209,0.214,0.341
2025-07-01,DKI,604,88.3,28.5,DENV1,0.32,0.269,0.261,0.151
2025-07-01,JABAR,1471,93.1,27.5,DENV2,0.232,0.356,0.239,0.173
2025-07-01,JATENG,1207,79.2,28.0,DENV3,0.211,0.234,0.328,0.227
2025-07-01,JATIM,784,85.0,30.0,DENV2,0.245,0.267,0.255,0.233
2025-07-01,BANTEN,646,86.6,29.6,DENV1,0.352,0.247,0.196,0.206
2025-07-01,DIY,317,69.1,26.7,DENV4,0.175,0.238,0.247,0.34
2025-08-01,DKI,892,81.1,28.6,DENV1,0.332,0.273,0.191,0.204
2025-08-01,JABAR,1447,121.0,28.2,DENV2,0.263,0.332,0.241,0.164
2025-08-01,JATENG,1043,105.1,28.7,DENV3,0.2,0.276,0.299,0.224
2025-08-01,JATIM,777,84.4,29.3,DENV2,0.264,0.273,0.272,0.191
2025-08-01,BANTEN,658,88.6,28.0,DENV1,0.356,0.238,0.232,0.175
2025-08-01,DIY,351,87.4,26.8,DENV4,0.23,0.198,0.219,0.354
2025-09-01,DKI,753,91.8,29.7,DENV1,0.287,0.285,0.242,0.185
2025-09-01,JABAR,1396,104.8,28.9,DENV2,0.26,0.3,0.272,0.168
2025-09-01,JATENG,678,97.8,28.4,DENV3,0.181,0.22,0.328,0.271
2025-09-01,JATIM,766,75.0,29.8,DENV3,0.234,0.249,0.313,0.204
2025-09-01,BANTEN,535,80.5,29.0,DENV1,0.344,0.268,0.225,0.164
2025-09-01,DIY,344,70.8,28.3,DENV4,0.237,0.208,0.221,0.333
